principal,security_description,coupon,maturity_date,initial_price_yield,initial_price,initial_yield,series_name,dated_date,instrument,money_type,purpose,is_taxable,is_school,year
2925000.0,SER A,5.0,2028-02-01,-,105.125,2.3,GENERAL OBLIGATION SERIAL BONDS-2026A,2026-02-18,Bond,New money,General / public improvement,False,False,2026
3075000.0,SER A,5.0,2029-02-01,-,107.753,2.27,GENERAL OBLIGATION SERIAL BONDS-2026A,2026-02-18,Bond,New money,General / public improvement,False,False,2026
3225000.0,SER A,5.0,2030-02-01,-,110.065,2.32,GENERAL OBLIGATION SERIAL BONDS-2026A,2026-02-18,Bond,New money,General / public improvement,False,False,2026
3385000.0,SER A,5.0,2031-02-01,-,112.022,2.41,GENERAL OBLIGATION SERIAL BONDS-2026A,2026-02-18,Bond,New money,General / public improvement,False,False,2026
3555000.0,SER A,5.0,2032-02-01,-,113.865,2.48,GENERAL OBLIGATION SERIAL BONDS-2026A,2026-02-18,Bond,New money,General / public improvement,False,False,2026
3735000.0,SER A,5.0,2033-02-01,-,115.518,2.55,GENERAL OBLIGATION SERIAL BONDS-2026A,2026-02-18,Bond,New money,General / public improvement,False,False,2026
3920000.0,SER A,5.0,2034-02-01,-,116.75,2.65,GENERAL OBLIGATION SERIAL BONDS-2026A,2026-02-18,Bond,New money,General / public improvement,False,False,2026
4115000.0,SER A,5.0,2035-02-01,-,115.895,2.76,GENERAL OBLIGATION SERIAL BONDS-2026A,2026-02-18,Bond,New money,General / public improvement,False,False,2026
4325000.0,SER A,5.0,2036-02-01,-,115.355,2.83,GENERAL OBLIGATION SERIAL BONDS-2026A,2026-02-18,Bond,New money,General / public improvement,False,False,2026
4540000.0,SER A,5.0,2037-02-01,-,114.359,2.96,GENERAL OBLIGATION SERIAL BONDS-2026A,2026-02-18,Bond,New money,General / public improvement,False,False,2026
4765000.0,SER A,5.0,2038-02-01,-,113.148,3.12,GENERAL OBLIGATION SERIAL BONDS-2026A,2026-02-18,Bond,New money,General / public improvement,False,False,2026
5005000.0,SER A,5.0,2039-02-01,-,112.027,3.27,GENERAL OBLIGATION SERIAL BONDS-2026A,2026-02-18,Bond,New money,General / public improvement,False,False,2026
5255000.0,SER A,5.0,2040-02-01,-,111.36,3.36,GENERAL OBLIGATION SERIAL BONDS-2026A,2026-02-18,Bond,New money,General / public improvement,False,False,2026
5515000.0,SER A,5.0,2041-02-01,-,110.332,3.5,GENERAL OBLIGATION SERIAL BONDS-2026A,2026-02-18,Bond,New money,General / public improvement,False,False,2026
5795000.0,SER A,5.0,2042-02-01,-,109.171,3.66,GENERAL OBLIGATION SERIAL BONDS-2026A,2026-02-18,Bond,New money,General / public improvement,False,False,2026
6085000.0,SER A,5.0,2043-02-01,-,108.025,3.82,GENERAL OBLIGATION SERIAL BONDS-2026A,2026-02-18,Bond,New money,General / public improvement,False,False,2026
6385000.0,SER A,5.0,2044-02-01,-,107.104,3.95,GENERAL OBLIGATION SERIAL BONDS-2026A,2026-02-18,Bond,New money,General / public improvement,False,False,2026
6705000.0,SER A,4.125,2045-02-01,-,98.382,4.25,GENERAL OBLIGATION SERIAL BONDS-2026A,2026-02-18,Bond,New money,General / public improvement,False,False,2026
6985000.0,SER A,4.125,2046-02-01,-,97.277,4.33,GENERAL OBLIGATION SERIAL BONDS-2026A,2026-02-18,Bond,New money,General / public improvement,False,False,2026
825000.0,SCH-SER B,5.0,2028-02-01,-,105.125,2.3,SCHOOL SERIAL BONDS-2026B,2026-02-18,Bond,New money,School,False,True,2026
865000.0,SCH-SER B,5.0,2029-02-01,-,107.753,2.27,SCHOOL SERIAL BONDS-2026B,2026-02-18,Bond,New money,School,False,True,2026
910000.0,SCH-SER B,5.0,2030-02-01,-,110.065,2.32,SCHOOL SERIAL BONDS-2026B,2026-02-18,Bond,New money,School,False,True,2026
955000.0,SCH-SER B,5.0,2031-02-01,-,112.022,2.41,SCHOOL SERIAL BONDS-2026B,2026-02-18,Bond,New money,School,False,True,2026
1005000.0,SCH-SER B,5.0,2032-02-01,-,113.865,2.48,SCHOOL SERIAL BONDS-2026B,2026-02-18,Bond,New money,School,False,True,2026
1055000.0,SCH-SER B,5.0,2033-02-01,-,115.518,2.55,SCHOOL SERIAL BONDS-2026B,2026-02-18,Bond,New money,School,False,True,2026
1105000.0,SCH-SER B,5.0,2034-02-01,-,116.75,2.65,SCHOOL SERIAL BONDS-2026B,2026-02-18,Bond,New money,School,False,True,2026
1160000.0,SCH-SER B,5.0,2035-02-01,-,115.895,2.76,SCHOOL SERIAL BONDS-2026B,2026-02-18,Bond,New money,School,False,True,2026
1220000.0,SCH-SER B,5.0,2036-02-01,-,115.355,2.83,SCHOOL SERIAL BONDS-2026B,2026-02-18,Bond,New money,School,False,True,2026
1280000.0,SCH-SER B,5.0,2037-02-01,-,114.359,2.96,SCHOOL SERIAL BONDS-2026B,2026-02-18,Bond,New money,School,False,True,2026
1345000.0,SCH-SER B,5.0,2038-02-01,-,113.148,3.12,SCHOOL SERIAL BONDS-2026B,2026-02-18,Bond,New money,School,False,True,2026
1410000.0,SCH-SER B,5.0,2039-02-01,-,112.027,3.27,SCHOOL SERIAL BONDS-2026B,2026-02-18,Bond,New money,School,False,True,2026
1485000.0,SCH-SER B,5.0,2040-02-01,-,111.36,3.36,SCHOOL SERIAL BONDS-2026B,2026-02-18,Bond,New money,School,False,True,2026
1555000.0,SCH-SER B,5.0,2041-02-01,-,110.332,3.5,SCHOOL SERIAL BONDS-2026B,2026-02-18,Bond,New money,School,False,True,2026
1635000.0,SCH-SER B,5.0,2042-02-01,-,109.171,3.66,SCHOOL SERIAL BONDS-2026B,2026-02-18,Bond,New money,School,False,True,2026
1715000.0,SCH-SER B,5.0,2043-02-01,-,108.025,3.82,SCHOOL SERIAL BONDS-2026B,2026-02-18,Bond,New money,School,False,True,2026
1800000.0,SCH-SER B,5.0,2044-02-01,-,107.104,3.95,SCHOOL SERIAL BONDS-2026B,2026-02-18,Bond,New money,School,False,True,2026
1890000.0,SCH-SER B,4.125,2045-02-01,-,98.382,4.25,SCHOOL SERIAL BONDS-2026B,2026-02-18,Bond,New money,School,False,True,2026
1970000.0,SCH-SER B,4.125,2046-02-01,-,97.277,4.33,SCHOOL SERIAL BONDS-2026B,2026-02-18,Bond,New money,School,False,True,2026
595000.0,TAXABLE-SER C,4.09,2027-02-01,-,100.0,4.09,GENERAL OBLIGATION SERIAL BONDS-2026C (FEDERALLY TAXABLE),2026-02-18,Bond,New money,General / public improvement,True,False,2026
605000.0,TAXABLE-SER C,4.14,2028-02-01,-,100.0,4.14,GENERAL OBLIGATION SERIAL BONDS-2026C (FEDERALLY TAXABLE),2026-02-18,Bond,New money,General / public improvement,True,False,2026
630000.0,TAXABLE-SER C,4.16,2029-02-01,-,100.0,4.16,GENERAL OBLIGATION SERIAL BONDS-2026C (FEDERALLY TAXABLE),2026-02-18,Bond,New money,General / public improvement,True,False,2026
655000.0,TAXABLE-SER C,4.26,2030-02-01,-,100.0,4.26,GENERAL OBLIGATION SERIAL BONDS-2026C (FEDERALLY TAXABLE),2026-02-18,Bond,New money,General / public improvement,True,False,2026
680000.0,TAXABLE-SER C,4.4,2031-02-01,-,100.0,4.4,GENERAL OBLIGATION SERIAL BONDS-2026C (FEDERALLY TAXABLE),2026-02-18,Bond,New money,General / public improvement,True,False,2026
710000.0,TAXABLE-SER C,4.62,2032-02-01,-,100.0,4.62,GENERAL OBLIGATION SERIAL BONDS-2026C (FEDERALLY TAXABLE),2026-02-18,Bond,New money,General / public improvement,True,False,2026
745000.0,TAXABLE-SER C,4.67,2033-02-01,-,100.0,4.67,GENERAL OBLIGATION SERIAL BONDS-2026C (FEDERALLY TAXABLE),2026-02-18,Bond,New money,General / public improvement,True,False,2026
780000.0,TAXABLE-SER C,4.82,2034-02-01,-,100.0,4.82,GENERAL OBLIGATION SERIAL BONDS-2026C (FEDERALLY TAXABLE),2026-02-18,Bond,New money,General / public improvement,True,False,2026
820000.0,TAXABLE-SER C,4.87,2035-02-01,-,100.0,4.87,GENERAL OBLIGATION SERIAL BONDS-2026C (FEDERALLY TAXABLE),2026-02-18,Bond,New money,General / public improvement,True,False,2026
860000.0,TAXABLE-SER C,4.94,2036-02-01,-,100.0,4.94,GENERAL OBLIGATION SERIAL BONDS-2026C (FEDERALLY TAXABLE),2026-02-18,Bond,New money,General / public improvement,True,False,2026
7300000.0,REF-SER D,5.0,2026-08-01,-,101.193,2.33,GENERAL OBLIGATION REFUNDING BONDS-2026D,2026-02-18,Bond,Refunding,Refunding,False,False,2026
7535000.0,REF-SER D,5.0,2027-08-01,-,103.791,2.33,GENERAL OBLIGATION REFUNDING BONDS-2026D,2026-02-18,Bond,Refunding,Refunding,False,False,2026
5835000.0,REF-SER D,5.0,2028-08-01,-,106.451,2.28,GENERAL OBLIGATION REFUNDING BONDS-2026D,2026-02-18,Bond,Refunding,Refunding,False,False,2026
6135000.0,REF-SER D,5.0,2029-08-01,-,109.05,2.26,GENERAL OBLIGATION REFUNDING BONDS-2026D,2026-02-18,Bond,Refunding,Refunding,False,False,2026
6450000.0,REF-SER D,5.0,2030-08-01,-,111.14,2.35,GENERAL OBLIGATION REFUNDING BONDS-2026D,2026-02-18,Bond,Refunding,Refunding,False,False,2026
7770000.0,REF-SER D,5.0,2031-08-01,-,113.104,2.42,GENERAL OBLIGATION REFUNDING BONDS-2026D,2026-02-18,Bond,Refunding,Refunding,False,False,2026
3670000.0,REF-SER D,5.0,2032-08-01,-,114.619,2.53,GENERAL OBLIGATION REFUNDING BONDS-2026D,2026-02-18,Bond,Refunding,Refunding,False,False,2026
3860000.0,REF-SER D,5.0,2033-08-01,-,116.237,2.59,GENERAL OBLIGATION REFUNDING BONDS-2026D,2026-02-18,Bond,Refunding,Refunding,False,False,2026
4050000.0,REF-SER D,5.0,2034-08-01,-,117.525,2.67,GENERAL OBLIGATION REFUNDING BONDS-2026D,2026-02-18,Bond,Refunding,Refunding,False,False,2026
4265000.0,REF-SER D,5.0,2035-08-01,-,116.455,2.8,GENERAL OBLIGATION REFUNDING BONDS-2026D,2026-02-18,Bond,Refunding,Refunding,False,False,2026
5500000.0,BD ANTIC NTS,3.5,2026-12-03,-,100.289,3.2,GENERAL OBLIGATION BOND ANTICIPATION NOTES-2025,2025-12-04,Note,New money,General / public improvement,False,False,2025
3000000.0,BD ANTIC NTS-SER A,4.0,2025-12-05,-,100.144,3.85,GENERAL OBLIGATION BOND ANTICIPATION NOTES - 2024A,2024-12-06,Note,New money,General / public improvement,False,False,2024
440000.0,SCH-SER C,5.0,2025-09-15,-,102.43,2.44,SCHOOL SERIAL BONDS-2024C,2024-09-27,Bond,New money,School,False,True,2024
435000.0,SCH-SER C,5.0,2026-09-15,-,105.063,2.35,SCHOOL SERIAL BONDS-2024C,2024-09-27,Bond,New money,School,False,True,2024
460000.0,SCH-SER C,5.0,2027-09-15,-,107.52,2.36,SCHOOL SERIAL BONDS-2024C,2024-09-27,Bond,New money,School,False,True,2024
480000.0,SCH-SER C,5.0,2028-09-15,-,109.94,2.36,SCHOOL SERIAL BONDS-2024C,2024-09-27,Bond,New money,School,False,True,2024
505000.0,SCH-SER C,5.0,2029-09-15,-,112.303,2.36,SCHOOL SERIAL BONDS-2024C,2024-09-27,Bond,New money,School,False,True,2024
530000.0,SCH-SER C,5.0,2030-09-15,-,114.253,2.42,SCHOOL SERIAL BONDS-2024C,2024-09-27,Bond,New money,School,False,True,2024
555000.0,SCH-SER C,5.0,2031-09-15,-,115.823,2.51,SCHOOL SERIAL BONDS-2024C,2024-09-27,Bond,New money,School,False,True,2024
585000.0,SCH-SER C,5.0,2032-09-15,-,117.168,2.6,SCHOOL SERIAL BONDS-2024C,2024-09-27,Bond,New money,School,False,True,2024
615000.0,SCH-SER C,5.0,2033-09-15,-,117.634,2.66,SCHOOL SERIAL BONDS-2024C,2024-09-27,Bond,New money,School,False,True,2024
645000.0,SCH-SER C,5.0,2034-09-15,-,117.055,2.73,SCHOOL SERIAL BONDS-2024C,2024-09-27,Bond,New money,School,False,True,2024
675000.0,SCH-SER C,5.0,2035-09-15,-,116.398,2.81,SCHOOL SERIAL BONDS-2024C,2024-09-27,Bond,New money,School,False,True,2024
710000.0,SCH-SER C,5.0,2036-09-15,-,115.745,2.89,SCHOOL SERIAL BONDS-2024C,2024-09-27,Bond,New money,School,False,True,2024
745000.0,SCH-SER C,5.0,2037-09-15,-,115.258,2.95,SCHOOL SERIAL BONDS-2024C,2024-09-27,Bond,New money,School,False,True,2024
785000.0,SCH-SER C,5.0,2038-09-15,-,114.855,3.0,SCHOOL SERIAL BONDS-2024C,2024-09-27,Bond,New money,School,False,True,2024
825000.0,SCH-SER C,5.0,2039-09-15,-,114.052,3.1,SCHOOL SERIAL BONDS-2024C,2024-09-27,Bond,New money,School,False,True,2024
865000.0,SCH-SER C,5.0,2040-09-15,-,113.415,3.18,SCHOOL SERIAL BONDS-2024C,2024-09-27,Bond,New money,School,False,True,2024
905000.0,SCH-SER C,5.0,2041-09-15,-,112.703,3.27,SCHOOL SERIAL BONDS-2024C,2024-09-27,Bond,New money,School,False,True,2024
955000.0,SCH-SER C,5.0,2042-09-15,-,112.231,3.33,SCHOOL SERIAL BONDS-2024C,2024-09-27,Bond,New money,School,False,True,2024
1000000.0,SCH-SER C,5.0,2043-09-15,-,111.762,3.39,SCHOOL SERIAL BONDS-2024C,2024-09-27,Bond,New money,School,False,True,2024
1050000.0,SCH-SER C,5.0,2044-09-15,-,111.373,3.44,SCHOOL SERIAL BONDS-2024C,2024-09-27,Bond,New money,School,False,True,2024
1065000.0,TAXABLE-SER D,4.308,2025-09-15,-,100.0,4.308,GENERAL OBLIGATION SERIAL BONDS-2024D (FEDERALLY TAXABLE),2024-09-27,Bond,New money,General / public improvement,True,False,2024
1095000.0,TAXABLE-SER D,5.0,2026-09-15,-,101.72,4.08,GENERAL OBLIGATION SERIAL BONDS-2024D (FEDERALLY TAXABLE),2024-09-27,Bond,New money,General / public improvement,True,False,2024
1150000.0,TAXABLE-SER D,5.0,2027-09-15,-,102.488,4.1,GENERAL OBLIGATION SERIAL BONDS-2024D (FEDERALLY TAXABLE),2024-09-27,Bond,New money,General / public improvement,True,False,2024
1205000.0,TAXABLE-SER D,5.0,2028-09-15,-,103.114,4.14,GENERAL OBLIGATION SERIAL BONDS-2024D (FEDERALLY TAXABLE),2024-09-27,Bond,New money,General / public improvement,True,False,2024
1270000.0,TAXABLE-SER D,5.0,2029-09-15,-,103.732,4.16,GENERAL OBLIGATION SERIAL BONDS-2024D (FEDERALLY TAXABLE),2024-09-27,Bond,New money,General / public improvement,True,False,2024
1330000.0,TAXABLE-SER D,4.3,2030-09-15,-,100.0,4.3,GENERAL OBLIGATION SERIAL BONDS-2024D (FEDERALLY TAXABLE),2024-09-27,Bond,New money,General / public improvement,True,False,2024
1385000.0,TAXABLE-SER D,4.35,2031-09-15,-,100.0,4.35,GENERAL OBLIGATION SERIAL BONDS-2024D (FEDERALLY TAXABLE),2024-09-27,Bond,New money,General / public improvement,True,False,2024
1445000.0,TAXABLE-SER D,4.52,2032-09-15,-,100.0,4.52,GENERAL OBLIGATION SERIAL BONDS-2024D (FEDERALLY TAXABLE),2024-09-27,Bond,New money,General / public improvement,True,False,2024
1510000.0,TAXABLE-SER D,4.55,2033-09-15,-,100.0,4.55,GENERAL OBLIGATION SERIAL BONDS-2024D (FEDERALLY TAXABLE),2024-09-27,Bond,New money,General / public improvement,True,False,2024
2155000.0,SER A,5.0,2026-02-15,-,104.077,2.87,GENERAL OBLIGATION SERIAL BONDS - 2024A,2024-02-21,Bond,New money,General / public improvement,False,False,2024
2265000.0,SER A,5.0,2027-02-15,-,106.49,2.72,GENERAL OBLIGATION SERIAL BONDS - 2024A,2024-02-21,Bond,New money,General / public improvement,False,False,2024
2375000.0,SER A,5.0,2028-02-15,-,109.065,2.59,GENERAL OBLIGATION SERIAL BONDS - 2024A,2024-02-21,Bond,New money,General / public improvement,False,False,2024
2495000.0,SER A,5.0,2029-02-15,-,111.099,2.61,GENERAL OBLIGATION SERIAL BONDS - 2024A,2024-02-21,Bond,New money,General / public improvement,False,False,2024
2620000.0,SER A,5.0,2030-02-15,-,112.864,2.66,GENERAL OBLIGATION SERIAL BONDS - 2024A,2024-02-21,Bond,New money,General / public improvement,False,False,2024
2750000.0,SER A,5.0,2031-02-15,-,114.617,2.69,GENERAL OBLIGATION SERIAL BONDS - 2024A,2024-02-21,Bond,New money,General / public improvement,False,False,2024
2885000.0,SER A,5.0,2032-02-15,-,116.339,2.71,GENERAL OBLIGATION SERIAL BONDS - 2024A,2024-02-21,Bond,New money,General / public improvement,False,False,2024
3030000.0,SER A,5.0,2033-02-15,-,117.714,2.76,GENERAL OBLIGATION SERIAL BONDS - 2024A,2024-02-21,Bond,New money,General / public improvement,False,False,2024
3185000.0,SER A,5.0,2034-02-15,-,117.801,2.75,GENERAL OBLIGATION SERIAL BONDS - 2024A,2024-02-21,Bond,New money,General / public improvement,False,False,2024
3340000.0,SER A,5.0,2035-02-15,-,116.588,2.89,GENERAL OBLIGATION SERIAL BONDS - 2024A,2024-02-21,Bond,New money,General / public improvement,False,False,2024
3510000.0,SER A,5.0,2036-02-15,-,115.902,2.97,GENERAL OBLIGATION SERIAL BONDS - 2024A,2024-02-21,Bond,New money,General / public improvement,False,False,2024
3685000.0,SER A,5.0,2037-02-15,-,114.967,3.08,GENERAL OBLIGATION SERIAL BONDS - 2024A,2024-02-21,Bond,New money,General / public improvement,False,False,2024
3870000.0,SER A,5.0,2038-02-15,-,113.622,3.24,GENERAL OBLIGATION SERIAL BONDS - 2024A,2024-02-21,Bond,New money,General / public improvement,False,False,2024
4065000.0,SER A,5.0,2039-02-15,-,113.039,3.31,GENERAL OBLIGATION SERIAL BONDS - 2024A,2024-02-21,Bond,New money,General / public improvement,False,False,2024
4265000.0,SER A,5.0,2040-02-15,-,112.46,3.38,GENERAL OBLIGATION SERIAL BONDS - 2024A,2024-02-21,Bond,New money,General / public improvement,False,False,2024
4480000.0,SER A,5.0,2041-02-15,-,111.885,3.45,GENERAL OBLIGATION SERIAL BONDS - 2024A,2024-02-21,Bond,New money,General / public improvement,False,False,2024
4705000.0,SER A,5.0,2042-02-15,-,111.476,3.5,GENERAL OBLIGATION SERIAL BONDS - 2024A,2024-02-21,Bond,New money,General / public improvement,False,False,2024
880000.0,SCH-SER B,5.0,2026-02-15,-,104.077,2.87,SCHOOL SERIAL BONDS - 2024 B,2024-02-21,Bond,New money,School,False,True,2024
920000.0,SCH-SER B,5.0,2027-02-15,-,106.49,2.72,SCHOOL SERIAL BONDS - 2024 B,2024-02-21,Bond,New money,School,False,True,2024
970000.0,SCH-SER B,5.0,2028-02-15,-,109.065,2.59,SCHOOL SERIAL BONDS - 2024 B,2024-02-21,Bond,New money,School,False,True,2024
1015000.0,SCH-SER B,5.0,2029-02-15,-,111.099,2.61,SCHOOL SERIAL BONDS - 2024 B,2024-02-21,Bond,New money,School,False,True,2024
1070000.0,SCH-SER B,5.0,2030-02-15,-,112.864,2.66,SCHOOL SERIAL BONDS - 2024 B,2024-02-21,Bond,New money,School,False,True,2024
1120000.0,SCH-SER B,5.0,2031-02-15,-,114.617,2.69,SCHOOL SERIAL BONDS - 2024 B,2024-02-21,Bond,New money,School,False,True,2024
1175000.0,SCH-SER B,5.0,2032-02-15,-,116.339,2.71,SCHOOL SERIAL BONDS - 2024 B,2024-02-21,Bond,New money,School,False,True,2024
1235000.0,SCH-SER B,5.0,2033-02-15,-,117.714,2.76,SCHOOL SERIAL BONDS - 2024 B,2024-02-21,Bond,New money,School,False,True,2024
1295000.0,SCH-SER B,5.0,2034-02-15,-,117.801,2.75,SCHOOL SERIAL BONDS - 2024 B,2024-02-21,Bond,New money,School,False,True,2024
1360000.0,SCH-SER B,5.0,2035-02-15,-,116.588,2.89,SCHOOL SERIAL BONDS - 2024 B,2024-02-21,Bond,New money,School,False,True,2024
1430000.0,SCH-SER B,5.0,2036-02-15,-,115.902,2.97,SCHOOL SERIAL BONDS - 2024 B,2024-02-21,Bond,New money,School,False,True,2024
1500000.0,SCH-SER B,5.0,2037-02-15,-,114.967,3.08,SCHOOL SERIAL BONDS - 2024 B,2024-02-21,Bond,New money,School,False,True,2024
1575000.0,SCH-SER B,5.0,2038-02-15,-,113.622,3.24,SCHOOL SERIAL BONDS - 2024 B,2024-02-21,Bond,New money,School,False,True,2024
1655000.0,SCH-SER B,5.0,2039-02-15,-,113.039,3.31,SCHOOL SERIAL BONDS - 2024 B,2024-02-21,Bond,New money,School,False,True,2024
1740000.0,SCH-SER B,5.0,2040-02-15,-,112.46,3.38,SCHOOL SERIAL BONDS - 2024 B,2024-02-21,Bond,New money,School,False,True,2024
1825000.0,SCH-SER B,5.0,2041-02-15,-,111.885,3.45,SCHOOL SERIAL BONDS - 2024 B,2024-02-21,Bond,New money,School,False,True,2024
1915000.0,SCH-SER B,5.0,2042-02-15,-,111.476,3.5,SCHOOL SERIAL BONDS - 2024 B,2024-02-21,Bond,New money,School,False,True,2024
2010000.0,SCH-SER B,5.0,2043-02-15,-,110.987,3.56,SCHOOL SERIAL BONDS - 2024 B,2024-02-21,Bond,New money,School,False,True,2024
2115000.0,SCH-SER B,5.0,2044-02-15,-,110.582,3.61,SCHOOL SERIAL BONDS - 2024 B,2024-02-21,Bond,New money,School,False,True,2024
11457940.0,TAXABLE-BD ANTIC NTS,5.5,2024-09-30,-,100.348,5.0,GENERAL OBLIGATION BOND ANTICIPATION NOTES 2024,2024-01-10,Note,New money,General / public improvement,False,False,2024
2195000.0,SER F,5.0,2024-11-15,-,103.722,3.03,GENERAL OBLIGATION SERIAL BONDS-2022F,2022-11-29,Bond,New money,General / public improvement,False,False,2022
2305000.0,SER F,5.0,2025-11-15,-,105.363,3.09,GENERAL OBLIGATION SERIAL BONDS-2022F,2022-11-29,Bond,New money,General / public improvement,False,False,2022
2425000.0,SER F,5.0,2026-11-15,-,106.76,3.17,GENERAL OBLIGATION SERIAL BONDS-2022F,2022-11-29,Bond,New money,General / public improvement,False,False,2022
2550000.0,SER F,5.0,2027-11-15,-,108.1,3.22,GENERAL OBLIGATION SERIAL BONDS-2022F,2022-11-29,Bond,New money,General / public improvement,False,False,2022
2680000.0,SER F,5.0,2028-11-15,-,109.186,3.29,GENERAL OBLIGATION SERIAL BONDS-2022F,2022-11-29,Bond,New money,General / public improvement,False,False,2022
2815000.0,SER F,5.0,2029-11-15,-,110.102,3.36,GENERAL OBLIGATION SERIAL BONDS-2022F,2022-11-29,Bond,New money,General / public improvement,False,False,2022
2960000.0,SER F,5.0,2030-11-15,-,110.708,3.45,GENERAL OBLIGATION SERIAL BONDS-2022F,2022-11-29,Bond,New money,General / public improvement,False,False,2022
3110000.0,SER F,5.0,2031-11-15,-,111.614,3.48,GENERAL OBLIGATION SERIAL BONDS-2022F,2022-11-29,Bond,New money,General / public improvement,False,False,2022
3270000.0,SER F,5.0,2032-11-15,-,112.164,3.54,GENERAL OBLIGATION SERIAL BONDS-2022F,2022-11-29,Bond,New money,General / public improvement,False,False,2022
3440000.0,SER F,5.0,2033-11-15,-,111.188,3.65,GENERAL OBLIGATION SERIAL BONDS-2022F,2022-11-29,Bond,New money,General / public improvement,False,False,2022
3615000.0,SER F,5.0,2034-11-15,-,109.785,3.81,GENERAL OBLIGATION SERIAL BONDS-2022F,2022-11-29,Bond,New money,General / public improvement,False,False,2022
3800000.0,SER F,5.0,2035-11-15,-,108.92,3.91,GENERAL OBLIGATION SERIAL BONDS-2022F,2022-11-29,Bond,New money,General / public improvement,False,False,2022
3995000.0,SER F,5.0,2036-11-15,-,108.404,3.97,GENERAL OBLIGATION SERIAL BONDS-2022F,2022-11-29,Bond,New money,General / public improvement,False,False,2022
4200000.0,SER F,5.0,2037-11-15,-,107.892,4.03,GENERAL OBLIGATION SERIAL BONDS-2022F,2022-11-29,Bond,New money,General / public improvement,False,False,2022
4415000.0,SER F,5.0,2038-11-15,-,107.382,4.09,GENERAL OBLIGATION SERIAL BONDS-2022F,2022-11-29,Bond,New money,General / public improvement,False,False,2022
4640000.0,SER F,5.0,2039-11-15,-,106.623,4.18,GENERAL OBLIGATION SERIAL BONDS-2022F,2022-11-29,Bond,New money,General / public improvement,False,False,2022
4880000.0,SER F,5.0,2040-11-15,-,105.954,4.26,GENERAL OBLIGATION SERIAL BONDS-2022F,2022-11-29,Bond,New money,General / public improvement,False,False,2022
5130000.0,SER F,5.0,2041-11-15,-,105.455,4.32,GENERAL OBLIGATION SERIAL BONDS-2022F,2022-11-29,Bond,New money,General / public improvement,False,False,2022
5395000.0,SER F,5.0,2042-11-15,-,105.29,4.34,GENERAL OBLIGATION SERIAL BONDS-2022F,2022-11-29,Bond,New money,General / public improvement,False,False,2022
305000.0,SCH-SER G,5.0,2024-11-15,-,103.722,3.03,SCHOOL BONDS-2022G,2022-11-29,Bond,New money,School,False,True,2022
320000.0,SCH-SER G,5.0,2025-11-15,-,105.363,3.09,SCHOOL BONDS-2022G,2022-11-29,Bond,New money,School,False,True,2022
335000.0,SCH-SER G,5.0,2026-11-15,-,106.76,3.17,SCHOOL BONDS-2022G,2022-11-29,Bond,New money,School,False,True,2022
350000.0,SCH-SER G,5.0,2027-11-15,-,108.1,3.22,SCHOOL BONDS-2022G,2022-11-29,Bond,New money,School,False,True,2022
370000.0,SCH-SER G,5.0,2028-11-15,-,109.186,3.29,SCHOOL BONDS-2022G,2022-11-29,Bond,New money,School,False,True,2022
390000.0,SCH-SER G,5.0,2029-11-15,-,110.102,3.36,SCHOOL BONDS-2022G,2022-11-29,Bond,New money,School,False,True,2022
410000.0,SCH-SER G,5.0,2030-11-15,-,110.708,3.45,SCHOOL BONDS-2022G,2022-11-29,Bond,New money,School,False,True,2022
430000.0,SCH-SER G,5.0,2031-11-15,-,111.614,3.48,SCHOOL BONDS-2022G,2022-11-29,Bond,New money,School,False,True,2022
450000.0,SCH-SER G,5.0,2032-11-15,-,112.164,3.54,SCHOOL BONDS-2022G,2022-11-29,Bond,New money,School,False,True,2022
475000.0,SCH-SER G,5.0,2033-11-15,-,111.188,3.65,SCHOOL BONDS-2022G,2022-11-29,Bond,New money,School,False,True,2022
500000.0,SCH-SER G,5.0,2034-11-15,-,109.785,3.81,SCHOOL BONDS-2022G,2022-11-29,Bond,New money,School,False,True,2022
525000.0,SCH-SER G,5.0,2035-11-15,-,108.92,3.91,SCHOOL BONDS-2022G,2022-11-29,Bond,New money,School,False,True,2022
555000.0,SCH-SER G,5.0,2036-11-15,-,108.404,3.97,SCHOOL BONDS-2022G,2022-11-29,Bond,New money,School,False,True,2022
580000.0,SCH-SER G,5.0,2037-11-15,-,107.892,4.03,SCHOOL BONDS-2022G,2022-11-29,Bond,New money,School,False,True,2022
610000.0,SCH-SER G,5.0,2038-11-15,-,107.382,4.09,SCHOOL BONDS-2022G,2022-11-29,Bond,New money,School,False,True,2022
640000.0,SCH-SER G,5.0,2039-11-15,-,106.623,4.18,SCHOOL BONDS-2022G,2022-11-29,Bond,New money,School,False,True,2022
675000.0,SCH-SER G,5.0,2040-11-15,-,105.954,4.26,SCHOOL BONDS-2022G,2022-11-29,Bond,New money,School,False,True,2022
710000.0,SCH-SER G,5.0,2041-11-15,-,105.455,4.32,SCHOOL BONDS-2022G,2022-11-29,Bond,New money,School,False,True,2022
745000.0,SCH-SER G,5.0,2042-11-15,-,105.29,4.34,SCHOOL BONDS-2022G,2022-11-29,Bond,New money,School,False,True,2022
1385000.0,REF-SER B,5.0,2022-10-15,-,100.928,1.0,GENERAL OBLIGATION REFUNDING SERIAL BONDS-2022B (FORWARD DELIVERY) (NEW YORK STATE SECTION 99-B INTERCEPT PROGRAM),2022-07-21,Bond,Refunding,Refunding,False,False,2022
1290000.0,REF-SER B,5.0,2023-10-15,-,104.813,1.06,GENERAL OBLIGATION REFUNDING SERIAL BONDS-2022B (FORWARD DELIVERY) (NEW YORK STATE SECTION 99-B INTERCEPT PROGRAM),2022-07-21,Bond,Refunding,Refunding,False,False,2022
1360000.0,REF-SER B,5.0,2024-10-15,-,108.278,1.23,GENERAL OBLIGATION REFUNDING SERIAL BONDS-2022B (FORWARD DELIVERY) (NEW YORK STATE SECTION 99-B INTERCEPT PROGRAM),2022-07-21,Bond,Refunding,Refunding,False,False,2022
1430000.0,REF-SER B,5.0,2025-10-15,-,111.205,1.44,GENERAL OBLIGATION REFUNDING SERIAL BONDS-2022B (FORWARD DELIVERY) (NEW YORK STATE SECTION 99-B INTERCEPT PROGRAM),2022-07-21,Bond,Refunding,Refunding,False,False,2022
1510000.0,REF-SER B,5.0,2026-10-15,-,113.948,1.58,GENERAL OBLIGATION REFUNDING SERIAL BONDS-2022B (FORWARD DELIVERY) (NEW YORK STATE SECTION 99-B INTERCEPT PROGRAM),2022-07-21,Bond,Refunding,Refunding,False,False,2022
1600000.0,REF-SER B,5.0,2027-10-15,-,116.454,1.7,GENERAL OBLIGATION REFUNDING SERIAL BONDS-2022B (FORWARD DELIVERY) (NEW YORK STATE SECTION 99-B INTERCEPT PROGRAM),2022-07-21,Bond,Refunding,Refunding,False,False,2022
1685000.0,REF-SER B,5.0,2028-10-15,-,118.785,1.8,GENERAL OBLIGATION REFUNDING SERIAL BONDS-2022B (FORWARD DELIVERY) (NEW YORK STATE SECTION 99-B INTERCEPT PROGRAM),2022-07-21,Bond,Refunding,Refunding,False,False,2022
1785000.0,REF-SER B,5.0,2029-10-15,-,120.855,1.9,GENERAL OBLIGATION REFUNDING SERIAL BONDS-2022B (FORWARD DELIVERY) (NEW YORK STATE SECTION 99-B INTERCEPT PROGRAM),2022-07-21,Bond,Refunding,Refunding,False,False,2022
3525000.0,REF-SER A,5.0,2022-09-01,-,100.928,0.95,GENERAL OBLIGATION REFUNDING SERIAL BONDS-2022A (FORWARD DELIVERY),2022-06-08,Bond,Refunding,Refunding,False,False,2022
3305000.0,REF-SER A,5.0,2023-09-01,-,104.865,1.01,GENERAL OBLIGATION REFUNDING SERIAL BONDS-2022A (FORWARD DELIVERY),2022-06-08,Bond,Refunding,Refunding,False,False,2022
2815000.0,REF-SER A,5.0,2024-09-01,-,108.36,1.19,GENERAL OBLIGATION REFUNDING SERIAL BONDS-2022A (FORWARD DELIVERY),2022-06-08,Bond,Refunding,Refunding,False,False,2022
2970000.0,REF-SER A,5.0,2025-09-01,-,111.33,1.4,GENERAL OBLIGATION REFUNDING SERIAL BONDS-2022A (FORWARD DELIVERY),2022-06-08,Bond,Refunding,Refunding,False,False,2022
3115000.0,REF-SER A,5.0,2026-09-01,-,114.072,1.55,GENERAL OBLIGATION REFUNDING SERIAL BONDS-2022A (FORWARD DELIVERY),2022-06-08,Bond,Refunding,Refunding,False,False,2022
3270000.0,REF-SER A,5.0,2027-09-01,-,116.609,1.67,GENERAL OBLIGATION REFUNDING SERIAL BONDS-2022A (FORWARD DELIVERY),2022-06-08,Bond,Refunding,Refunding,False,False,2022
2320000.0,REF-SER A,5.0,2028-09-01,-,118.972,1.77,GENERAL OBLIGATION REFUNDING SERIAL BONDS-2022A (FORWARD DELIVERY),2022-06-08,Bond,Refunding,Refunding,False,False,2022
2430000.0,REF-SER A,5.0,2029-09-01,-,121.148,1.86,GENERAL OBLIGATION REFUNDING SERIAL BONDS-2022A (FORWARD DELIVERY),2022-06-08,Bond,Refunding,Refunding,False,False,2022
2560000.0,REF-SER A,5.0,2030-09-01,-,123.256,1.93,GENERAL OBLIGATION REFUNDING SERIAL BONDS-2022A (FORWARD DELIVERY),2022-06-08,Bond,Refunding,Refunding,False,False,2022
2690000.0,REF-SER A,5.0,2031-09-01,-,125.455,1.97,GENERAL OBLIGATION REFUNDING SERIAL BONDS-2022A (FORWARD DELIVERY),2022-06-08,Bond,Refunding,Refunding,False,False,2022
2590000.0,SER C,5.0,2024-03-15,-,106.977,1.41,GENERAL OBLIGATION SERIAL BONDS 2022C,2022-03-23,Bond,New money,General / public improvement,False,False,2022
2725000.0,SER C,5.0,2025-03-15,-,109.97,1.56,GENERAL OBLIGATION SERIAL BONDS 2022C,2022-03-23,Bond,New money,General / public improvement,False,False,2022
2860000.0,SER C,5.0,2026-03-15,-,112.722,1.68,GENERAL OBLIGATION SERIAL BONDS 2022C,2022-03-23,Bond,New money,General / public improvement,False,False,2022
3005000.0,SER C,5.0,2027-03-15,-,115.273,1.78,GENERAL OBLIGATION SERIAL BONDS 2022C,2022-03-23,Bond,New money,General / public improvement,False,False,2022
3155000.0,SER C,5.0,2028-03-15,-,117.5,1.89,GENERAL OBLIGATION SERIAL BONDS 2022C,2022-03-23,Bond,New money,General / public improvement,False,False,2022
3310000.0,SER C,5.0,2029-03-15,-,119.519,1.99,GENERAL OBLIGATION SERIAL BONDS 2022C,2022-03-23,Bond,New money,General / public improvement,False,False,2022
3475000.0,SER C,5.0,2030-03-15,-,121.28,2.09,GENERAL OBLIGATION SERIAL BONDS 2022C,2022-03-23,Bond,New money,General / public improvement,False,False,2022
3650000.0,SER C,5.0,2031-03-15,-,123.155,2.15,GENERAL OBLIGATION SERIAL BONDS 2022C,2022-03-23,Bond,New money,General / public improvement,False,False,2022
3835000.0,SER C,5.0,2032-03-15,-,124.352,2.26,GENERAL OBLIGATION SERIAL BONDS 2022C,2022-03-23,Bond,New money,General / public improvement,False,False,2022
4025000.0,SER C,5.0,2033-03-15,-,123.247,2.37,GENERAL OBLIGATION SERIAL BONDS 2022C,2022-03-23,Bond,New money,General / public improvement,False,False,2022
4225000.0,SER C,5.0,2034-03-15,-,122.153,2.48,GENERAL OBLIGATION SERIAL BONDS 2022C,2022-03-23,Bond,New money,General / public improvement,False,False,2022
4440000.0,SER C,5.0,2035-03-15,-,121.462,2.55,GENERAL OBLIGATION SERIAL BONDS 2022C,2022-03-23,Bond,New money,General / public improvement,False,False,2022
4660000.0,SER C,5.0,2036-03-15,-,120.972,2.6,GENERAL OBLIGATION SERIAL BONDS 2022C,2022-03-23,Bond,New money,General / public improvement,False,False,2022
4895000.0,SER C,5.0,2037-03-15,-,120.582,2.64,GENERAL OBLIGATION SERIAL BONDS 2022C,2022-03-23,Bond,New money,General / public improvement,False,False,2022
5140000.0,SER C,5.0,2038-03-15,-,120.387,2.66,GENERAL OBLIGATION SERIAL BONDS 2022C,2022-03-23,Bond,New money,General / public improvement,False,False,2022
715000.0,SCH-SER D,5.0,2024-03-15,-,106.977,1.41,SCHOOL SERIAL BONDS 2022D,2022-03-23,Bond,New money,School,False,True,2022
750000.0,SCH-SER D,5.0,2025-03-15,-,109.97,1.56,SCHOOL SERIAL BONDS 2022D,2022-03-23,Bond,New money,School,False,True,2022
785000.0,SCH-SER D,5.0,2026-03-15,-,112.722,1.68,SCHOOL SERIAL BONDS 2022D,2022-03-23,Bond,New money,School,False,True,2022
825000.0,SCH-SER D,5.0,2027-03-15,-,115.273,1.78,SCHOOL SERIAL BONDS 2022D,2022-03-23,Bond,New money,School,False,True,2022
865000.0,SCH-SER D,5.0,2028-03-15,-,117.5,1.89,SCHOOL SERIAL BONDS 2022D,2022-03-23,Bond,New money,School,False,True,2022
910000.0,SCH-SER D,5.0,2029-03-15,-,119.519,1.99,SCHOOL SERIAL BONDS 2022D,2022-03-23,Bond,New money,School,False,True,2022
955000.0,SCH-SER D,5.0,2030-03-15,-,121.28,2.09,SCHOOL SERIAL BONDS 2022D,2022-03-23,Bond,New money,School,False,True,2022
1005000.0,SCH-SER D,5.0,2031-03-15,-,123.155,2.15,SCHOOL SERIAL BONDS 2022D,2022-03-23,Bond,New money,School,False,True,2022
1055000.0,SCH-SER D,5.0,2032-03-15,-,124.352,2.26,SCHOOL SERIAL BONDS 2022D,2022-03-23,Bond,New money,School,False,True,2022
1105000.0,SCH-SER D,5.0,2033-03-15,-,123.247,2.37,SCHOOL SERIAL BONDS 2022D,2022-03-23,Bond,New money,School,False,True,2022
1160000.0,SCH-SER D,5.0,2034-03-15,-,122.252,2.47,SCHOOL SERIAL BONDS 2022D,2022-03-23,Bond,New money,School,False,True,2022
1220000.0,SCH-SER D,5.0,2035-03-15,-,121.462,2.55,SCHOOL SERIAL BONDS 2022D,2022-03-23,Bond,New money,School,False,True,2022
1280000.0,SCH-SER D,5.0,2036-03-15,-,121.07,2.59,SCHOOL SERIAL BONDS 2022D,2022-03-23,Bond,New money,School,False,True,2022
1345000.0,SCH-SER D,5.0,2037-03-15,-,120.582,2.64,SCHOOL SERIAL BONDS 2022D,2022-03-23,Bond,New money,School,False,True,2022
1410000.0,SCH-SER D,5.0,2038-03-15,-,120.387,2.66,SCHOOL SERIAL BONDS 2022D,2022-03-23,Bond,New money,School,False,True,2022
6290000.0,SCH-SER D,4.0,2042-03-15,-,108.567,3.0,SCHOOL SERIAL BONDS 2022D,2022-03-23,Bond,New money,School,False,True,2022
710000.0,TAXABLE-SER E,2.1,2024-03-15,-,100.0,2.1,GENERAL OBLIGATION SERIAL BONDS 2022E (FEDERALLY TAXABLE),2022-03-23,Bond,New money,General / public improvement,True,False,2022
725000.0,TAXABLE-SER E,2.3,2025-03-15,-,100.0,2.3,GENERAL OBLIGATION SERIAL BONDS 2022E (FEDERALLY TAXABLE),2022-03-23,Bond,New money,General / public improvement,True,False,2022
745000.0,TAXABLE-SER E,2.45,2026-03-15,-,100.0,2.45,GENERAL OBLIGATION SERIAL BONDS 2022E (FEDERALLY TAXABLE),2022-03-23,Bond,New money,General / public improvement,True,False,2022
760000.0,TAXABLE-SER E,2.65,2027-03-15,-,100.0,2.65,GENERAL OBLIGATION SERIAL BONDS 2022E (FEDERALLY TAXABLE),2022-03-23,Bond,New money,General / public improvement,True,False,2022
780000.0,TAXABLE-SER E,2.8,2028-03-15,-,100.0,2.8,GENERAL OBLIGATION SERIAL BONDS 2022E (FEDERALLY TAXABLE),2022-03-23,Bond,New money,General / public improvement,True,False,2022
805000.0,TAXABLE-SER E,2.9,2029-03-15,-,100.0,2.9,GENERAL OBLIGATION SERIAL BONDS 2022E (FEDERALLY TAXABLE),2022-03-23,Bond,New money,General / public improvement,True,False,2022
825000.0,TAXABLE-SER E,3.0,2030-03-15,-,100.0,3.0,GENERAL OBLIGATION SERIAL BONDS 2022E (FEDERALLY TAXABLE),2022-03-23,Bond,New money,General / public improvement,True,False,2022
850000.0,TAXABLE-SER E,3.1,2031-03-15,-,100.0,3.1,GENERAL OBLIGATION SERIAL BONDS 2022E (FEDERALLY TAXABLE),2022-03-23,Bond,New money,General / public improvement,True,False,2022
880000.0,TAXABLE-SER E,3.2,2032-03-15,-,100.0,3.2,GENERAL OBLIGATION SERIAL BONDS 2022E (FEDERALLY TAXABLE),2022-03-23,Bond,New money,General / public improvement,True,False,2022
1450000.0,SER A,4.0,2023-02-15,-,107.237,0.36,GENERAL OBLIGATION SERIAL BONDS-2021A,2021-02-16,Bond,New money,General / public improvement,False,False,2021
1510000.0,SER A,4.0,2024-02-15,-,110.588,0.44,GENERAL OBLIGATION SERIAL BONDS-2021A,2021-02-16,Bond,New money,General / public improvement,False,False,2021
1570000.0,SER A,5.0,2025-02-15,-,118.091,0.43,GENERAL OBLIGATION SERIAL BONDS-2021A,2021-02-16,Bond,New money,General / public improvement,False,False,2021
1650000.0,SER A,5.0,2026-02-15,-,121.96,0.54,GENERAL OBLIGATION SERIAL BONDS-2021A,2021-02-16,Bond,New money,General / public improvement,False,False,2021
1730000.0,SER A,5.0,2027-02-15,-,125.344,0.68,GENERAL OBLIGATION SERIAL BONDS-2021A,2021-02-16,Bond,New money,General / public improvement,False,False,2021
1815000.0,SER A,5.0,2028-02-15,-,128.29,0.83,GENERAL OBLIGATION SERIAL BONDS-2021A,2021-02-16,Bond,New money,General / public improvement,False,False,2021
1905000.0,SER A,5.0,2029-02-15,-,130.938,0.97,GENERAL OBLIGATION SERIAL BONDS-2021A,2021-02-16,Bond,New money,General / public improvement,False,False,2021
2000000.0,SER A,5.0,2030-02-15,-,133.523,1.08,GENERAL OBLIGATION SERIAL BONDS-2021A,2021-02-16,Bond,New money,General / public improvement,False,False,2021
2100000.0,SER A,5.0,2031-02-15,-,136.148,1.16,GENERAL OBLIGATION SERIAL BONDS-2021A,2021-02-16,Bond,New money,General / public improvement,False,False,2021
2205000.0,SER A,5.0,2032-02-15,-,135.474,1.22,GENERAL OBLIGATION SERIAL BONDS-2021A,2021-02-16,Bond,New money,General / public improvement,False,False,2021
2320000.0,SER A,5.0,2033-02-15,-,134.915,1.27,GENERAL OBLIGATION SERIAL BONDS-2021A,2021-02-16,Bond,New money,General / public improvement,False,False,2021
2435000.0,SER A,5.0,2034-02-15,-,134.248,1.33,GENERAL OBLIGATION SERIAL BONDS-2021A,2021-02-16,Bond,New money,General / public improvement,False,False,2021
2555000.0,SER A,4.0,2035-02-15,-,122.401,1.57,GENERAL OBLIGATION SERIAL BONDS-2021A,2021-02-16,Bond,New money,General / public improvement,False,False,2021
2660000.0,SER A,4.0,2036-02-15,-,121.988,1.61,GENERAL OBLIGATION SERIAL BONDS-2021A,2021-02-16,Bond,New money,General / public improvement,False,False,2021
1125000.0,SCH-SER B,4.0,2023-02-15,-,107.258,0.35,SCHOOL SERIAL BONDS-2021B,2021-02-16,Bond,New money,School,False,True,2021
1170000.0,SCH-SER B,4.0,2024-02-15,-,110.62,0.43,SCHOOL SERIAL BONDS-2021B,2021-02-16,Bond,New money,School,False,True,2021
1215000.0,SCH-SER B,5.0,2025-02-15,-,118.135,0.42,SCHOOL SERIAL BONDS-2021B,2021-02-16,Bond,New money,School,False,True,2021
1280000.0,SCH-SER B,5.0,2026-02-15,-,122.015,0.53,SCHOOL SERIAL BONDS-2021B,2021-02-16,Bond,New money,School,False,True,2021
1340000.0,SCH-SER B,5.0,2027-02-15,-,125.612,0.64,SCHOOL SERIAL BONDS-2021B,2021-02-16,Bond,New money,School,False,True,2021
1410000.0,SCH-SER B,5.0,2028-02-15,-,128.603,0.79,SCHOOL SERIAL BONDS-2021B,2021-02-16,Bond,New money,School,False,True,2021
1480000.0,SCH-SER B,5.0,2029-02-15,-,131.297,0.93,SCHOOL SERIAL BONDS-2021B,2021-02-16,Bond,New money,School,False,True,2021
1555000.0,SCH-SER B,5.0,2030-02-15,-,133.827,1.05,SCHOOL SERIAL BONDS-2021B,2021-02-16,Bond,New money,School,False,True,2021
1630000.0,SCH-SER B,5.0,2031-02-15,-,136.373,1.14,SCHOOL SERIAL BONDS-2021B,2021-02-16,Bond,New money,School,False,True,2021
1715000.0,SCH-SER B,5.0,2032-02-15,-,135.586,1.21,SCHOOL SERIAL BONDS-2021B,2021-02-16,Bond,New money,School,False,True,2021
1800000.0,SCH-SER B,5.0,2033-02-15,-,135.027,1.26,SCHOOL SERIAL BONDS-2021B,2021-02-16,Bond,New money,School,False,True,2021
1890000.0,SCH-SER B,5.0,2034-02-15,-,134.359,1.32,SCHOOL SERIAL BONDS-2021B,2021-02-16,Bond,New money,School,False,True,2021
1985000.0,SCH-SER B,4.0,2035-02-15,-,122.505,1.56,SCHOOL SERIAL BONDS-2021B,2021-02-16,Bond,New money,School,False,True,2021
2065000.0,SCH-SER B,4.0,2036-02-15,-,122.091,1.6,SCHOOL SERIAL BONDS-2021B,2021-02-16,Bond,New money,School,False,True,2021
2145000.0,SCH-SER B,4.0,2037-02-15,-,121.679,1.64,SCHOOL SERIAL BONDS-2021B,2021-02-16,Bond,New money,School,False,True,2021
2230000.0,SCH-SER B,4.0,2038-02-15,-,121.268,1.68,SCHOOL SERIAL BONDS-2021B,2021-02-16,Bond,New money,School,False,True,2021
2320000.0,SCH-SER B,3.0,2039-02-15,-,109.685,1.93,SCHOOL SERIAL BONDS-2021B,2021-02-16,Bond,New money,School,False,True,2021
2390000.0,SCH-SER B,2.0,2040-02-15,-,98.905,2.07,SCHOOL SERIAL BONDS-2021B,2021-02-16,Bond,New money,School,False,True,2021
2430000.0,SCH-SER B,2.0,2041-02-15,-,98.373,2.1,SCHOOL SERIAL BONDS-2021B,2021-02-16,Bond,New money,School,False,True,2021
650000.0,TAXABLE-SER C,0.6,2023-02-15,-,100.0,0.6,GENERAL OBLIGATION SERIAL BONDS-2021C (FEDERALLY TAXABLE),2021-02-16,Bond,New money,General / public improvement,True,False,2021
650000.0,TAXABLE-SER C,0.8,2024-02-15,-,100.0,0.8,GENERAL OBLIGATION SERIAL BONDS-2021C (FEDERALLY TAXABLE),2021-02-16,Bond,New money,General / public improvement,True,False,2021
660000.0,TAXABLE-SER C,1.0,2025-02-15,-,100.0,1.0,GENERAL OBLIGATION SERIAL BONDS-2021C (FEDERALLY TAXABLE),2021-02-16,Bond,New money,General / public improvement,True,False,2021
665000.0,TAXABLE-SER C,1.2,2026-02-15,-,100.0,1.2,GENERAL OBLIGATION SERIAL BONDS-2021C (FEDERALLY TAXABLE),2021-02-16,Bond,New money,General / public improvement,True,False,2021
670000.0,TAXABLE-SER C,1.4,2027-02-15,-,100.0,1.4,GENERAL OBLIGATION SERIAL BONDS-2021C (FEDERALLY TAXABLE),2021-02-16,Bond,New money,General / public improvement,True,False,2021
680000.0,TAXABLE-SER C,1.6,2028-02-15,-,100.0,1.6,GENERAL OBLIGATION SERIAL BONDS-2021C (FEDERALLY TAXABLE),2021-02-16,Bond,New money,General / public improvement,True,False,2021
695000.0,TAXABLE-SER C,1.75,2029-02-15,-,100.0,1.75,GENERAL OBLIGATION SERIAL BONDS-2021C (FEDERALLY TAXABLE),2021-02-16,Bond,New money,General / public improvement,True,False,2021
705000.0,TAXABLE-SER C,1.87,2030-02-15,-,100.0,1.87,GENERAL OBLIGATION SERIAL BONDS-2021C (FEDERALLY TAXABLE),2021-02-16,Bond,New money,General / public improvement,True,False,2021
720000.0,TAXABLE-SER C,2.0,2031-02-15,-,100.0,2.0,GENERAL OBLIGATION SERIAL BONDS-2021C (FEDERALLY TAXABLE),2021-02-16,Bond,New money,General / public improvement,True,False,2021
65000000.0,REV ANTIC NTS,2.0,2021-06-30,-,100.858,0.45,REVENUE ANTICIPATION NOTES-2020/2021,2020-12-10,Note,New money,General / public improvement,False,False,2020
